{
  "libomnishare": 31.085727214813232,
  "tee-engine-Driver": 31.161661624908447,
  "libtee": 31.33293652534485,
  "opentee-extension-chrome": 31.33808660507202,
  "CAs": 31.377967834472656,
  "libtee_pkcs11": 31.41380548477173,
  "TAs": 31.487376928329468,
  "project": 31.481719970703125,
  "tests": 31.492722511291504,
  "tee-engine": 33.21731925010681
}