{
  "libomnishare": {
    "last_fetch": 1743727404.363778,
    "last_checkout": 1743727404.363778
  },
  "driver": {
    "last_fetch": 1743727404.363778,
    "last_checkout": 1743727404.363778
  },
  "libtee": {
    "last_fetch": 1743727404.363778,
    "last_checkout": 1743727404.363778
  },
  "chrome": {
    "last_fetch": 1743727404.363778,
    "last_checkout": 1743727404.363778
  },
  "CAs": {
    "last_fetch": 1743727404.363778,
    "last_checkout": 1743727404.363778
  },
  "libtee_pkcs11": {
    "last_fetch": 1743727404.363778,
    "last_checkout": 1743727404.363778
  },
  "TAs": {
    "last_fetch": 1743727404.363778,
    "last_checkout": 1743727404.363778
  },
  "project": {
    "last_fetch": 1743727404.363778,
    "last_checkout": 1743727404.363778
  },
  "tests": {
    "last_fetch": 1743727404.363778,
    "last_checkout": 1743727404.363778
  },
  "emulator": {
    "last_fetch": 1743727404.363778,
    "last_checkout": 1743727404.363778
  }
}